<application>
  <component name="FileTypeManager" version="18">
    <extensionMap>
      <mapping pattern="subscribers/Dockerfile" type="AUTO_DETECTED" />
      <mapping pattern="seed-or-migrate" type="AUTO_DETECTED" />
      <mapping pattern="reindex-elastic" type="AUTO_DETECTED" />
      <mapping pattern="php/Dockerfile" type="AUTO_DETECTED" />
      <mapping pattern="CODEOWNERS" type="AUTO_DETECTED" />
      <mapping pattern="docker/db/Dockerfile" type="Dockerfile" />
      <mapping pattern="server/Dockerfile" type="Dockerfile" />
      <mapping pattern=".dependabot" type="YAML" />
    </extensionMap>
  </component>
</application>