<application>
  <component name="PhpAutoImport" auto_import_file_scope="true" global_class_behavior="PREFER_IMPORT" global_constant_behavior="PREFER_IMPORT" global_function_behavior="PREFER_IMPORT" />
  <component name="PhpInterpreters">
    <interpreters>
      <interpreter id="6d542cbb-7071-487d-a99d-12fdff7508a9" name="PHP 8.0" home="/usr/bin/php" debugger_id="php.debugger.XDebug" />
    </interpreters>
  </component>
  <component name="PhpInterpretersPhpInfoCache">
    <phpInfoCache>
      <interpreter name="PHP 8.0">
        <phpinfo binary_type="PHP" php_cli="/usr/bin/php" path_separator=":" version="8.0.9">
          <additional_php_ini>/etc/php/conf.d/igbinary.ini, /etc/php/conf.d/redis.ini</additional_php_ini>
          <configuration_file>/etc/php/php.ini</configuration_file>
          <configuration_options>
            <configuration_option name="include_path" value=".:" />
          </configuration_options>
          <debuggers />
          <loaded_extensions>
            <extension name="Core" />
            <extension name="PDO" />
            <extension name="Phar" />
            <extension name="Reflection" />
            <extension name="SPL" />
            <extension name="SimpleXML" />
            <extension name="ctype" />
            <extension name="curl" />
            <extension name="date" />
            <extension name="dom" />
            <extension name="fileinfo" />
            <extension name="filter" />
            <extension name="hash" />
            <extension name="igbinary" />
            <extension name="json" />
            <extension name="libxml" />
            <extension name="mbstring" />
            <extension name="mysqlnd" />
            <extension name="openssl" />
            <extension name="pcntl" />
            <extension name="pcre" />
            <extension name="pdo_pgsql" />
            <extension name="pgsql" />
            <extension name="posix" />
            <extension name="readline" />
            <extension name="redis" />
            <extension name="session" />
            <extension name="sodium" />
            <extension name="standard" />
            <extension name="tokenizer" />
            <extension name="xml" />
            <extension name="xmlreader" />
            <extension name="xmlwriter" />
            <extension name="zip" />
            <extension name="zlib" />
          </loaded_extensions>
        </phpinfo>
      </interpreter>
    </phpInfoCache>
  </component>
  <component name="PhpSmartKeysConfiguration">
    <option name="replaceUnnecessaryDoubleQuotes" value="true" />
  </component>
</application>